S-40.001;Corsa Classic GI - GII após 94 à 02  4 ptas. L/E  (Motor Mabuchi);82,34
S-40.002;Corsa Classic GI - GII após 94 à 02  4 ptas. L/D  (Motor Mabuchi);82,34
S-40.003;Celta GI - GII após set-00  4 ptas. L/E  (Motor Mabuchi);88,37
S-40.004;Celta GI - GII após set-00  4 ptas. L/D  (Motor Mabuchi);88,37
S-40.005;Corsa GI 94 à 02  2 ptas. L/E  (Motor Mabuchi);84,20
S-40.006;Corsa GI 94 à 02  2 ptas. L/E  (Motor Mabuchi);84,20
S-40.007;Celta GI - GII após set - 00  2 ptas. L/E  (Motor Mabuchi);81,93
S-40.008;Celta GI - GII após set - 00  2 ptas. L/D  (Motor Mabuchi);81,93
S-40.009;Monza 84 à 96 4 ptas. L/E   (Motor Mabuchi);87,45
S-40.010;Monza 84 à 96 4 ptas. L/D  (Motor Mabuchi);87,45
S-40.011;Kadett 89 à 92 2 ptas.L/E  (Motor Mabuchi);84,20
S-40.012;Kadett 89 à 92 2 ptas.L/D  (Motor Mabuchi);84,20
S-70.001;Palio 96 à 2017 4 Pts.diant. L/E (Motor Mabuchi);62,98
S-70.002;Palio 96 à 2017 4 Pts.diant. L/D (Motor Mabuchi);62,98
S-70.003;Palio 96 a 2017 2 Pts. L/E (Motor Mabuchi);70,51
S-70.004;Palio 96 a 2017 2 Pts. L/D (Motor Mabuchi);70,51
S-70.005;Palio 2012 à 2017 4 Pts.diant. L/E (Motor Mabuchi);70,41
S-70.006;Palio 2012 à 2017 4 Pts.diant. L/D (Motor Mabuchi);70,41
S-71.005;Palio 2012 à 2017 4 Pts.diant. L/E (Motor original 32 estrias);70,41
S-71.006;Palio 2012 à 2017 4 Pts.diant. L/D (Motor original 32 estrias);70,41
S-70.009;Uno Vivace/Way/Sporting 2010 em diante 4 Pts.diant. L/E (Motor Mabuchi);62,18
S-70.010;Uno Vivace/Way/Sporting 2010 em diante 4 Pts.diant. L/D (Motor Mabuchi);62,18
S-71.009;Uno Vivace 2010 em diante 4 Pts.L/E (Motor original 32 estrias);62,18
S-71.010;Uno Vivace 2010 em diante 4 Pts.L/D (Motor original 32 estrias);62,18
S-30.001;Fiesta Amazon 2002 à 2014 4 Pts.diant. L/E (Motor Mabuchi);72,44
S-30.002;Fiesta Amazon 2002 à 2014 4 Pts.diant. L/D (Motor Mabuchi);72,44
S-20.009;Gol special GIII e GIV 2001 à 2014. 2 Pts. L/E (Motor Mabuchi);70,78
S-20.010;Gol special GIII e GIV 2001 à 2014. 2 Pts. L/D (Motor Mabuchi);70,78
S-20.005;Gol 1000 1992 à 1996. 2 pts. L/E (Motor Mabuchi);65,04
S-20.006;Gol 1000 1992 à 1996. 2 pts. L/D (Motor Mabuchi);65,04
